--Utenti
insert into utenti (id_utente, nome, cognome, data_nascita, email, username, pass, eventi_preferite, categorie_preferite) values (2, 'Alayne', 'O Mullen', '1965-06-29', 'aomullen1@ucla.edu', 'aomullen1', 'MtfPhqCJbo', 'Teatro', 'rock');
insert into utenti (id_utente, nome, cognome, data_nascita, email, username, pass, eventi_preferite, categorie_preferite) values (3, 'Hattie', 'Klementz', '1958-02-27', 'hklementz2@vimeo.com', 'hklementz2', 'XpeuBcw', 'Cinema', 'hip hop');
insert into utenti (id_utente, nome, cognome, data_nascita, email, username, pass, eventi_preferite, categorie_preferite) values (4, 'Bard', 'McAndie', '1988-04-30', 'bmcandie3@senate.gov', 'bmcandie3', 'XATjEXP7Pi6n', 'Concerto', 'jazz');
insert into utenti (id_utente, nome, cognome, data_nascita, email, username, pass, eventi_preferite, categorie_preferite) values (5, 'Crysta', 'Sunter', '2000-12-15', 'csunter4@businesswire.com', 'csunter4', 'VsXmExO41yWj', 'Teatro', 'classical');
insert into utenti (id_utente, nome, cognome, data_nascita, email, username, pass, eventi_preferite, categorie_preferite) values (6, 'Sheilakathryn', 'Testro', '1996-02-23', 'stestro5@cdc.gov', 'stestro5', 'JY7aDF', 'Cinema', 'country');
insert into utenti (id_utente, nome, cognome, data_nascita, email, username, pass, eventi_preferite, categorie_preferite) values (7, 'Gretchen', 'Huffy', '1965-04-06', 'ghuffy6@timesonline.co.uk', 'ghuffy6', 'YkUEbNBV', 'Concerto', 'blues');
insert into utenti (id_utente, nome, cognome, data_nascita, email, username, pass, eventi_preferite, categorie_preferite) values (8, 'Cooper', 'Jameson', '1974-12-18', 'cjameson7@examiner.com', 'cjameson7', 'i3zwj96K', 'Teatro', 'reggae');
insert into utenti (id_utente, nome, cognome, data_nascita, email, username, pass, eventi_preferite, categorie_preferite) values (9, 'Emmanuel', 'Larner', '1991-06-09', 'elarner8@ifeng.com', 'elarner8', 'Ci7k2aOgdt3a', 'Cinema', 'metal');
insert into utenti (id_utente, nome, cognome, data_nascita, email, username, pass, eventi_preferite, categorie_preferite) values (10, 'Arly', 'Backsal', '1982-06-12', 'abacksal9@geocities.com', 'abacksal9', '3yyNNywC', 'Concerto', 'electronic');
insert into utenti (id_utente, nome, cognome, data_nascita, email, username, pass, eventi_preferite, categorie_preferite) values (11, 'Chicky', 'Lowes', '1984-12-21', 'clowesa@examiner.com', 'clowesa', 'VJIMb2PVmMz', 'Teatro', 'folk');
insert into utenti (id_utente, nome, cognome, data_nascita, email, username, pass, eventi_preferite, categorie_preferite) values (12, 'Tommie', 'Dooney', '1988-11-24', 'tdooneyb@google.com', 'tdooneyb', 'X709RWC4IY', 'Cinema', 'indie');
insert into utenti (id_utente, nome, cognome, data_nascita, email, username, pass, eventi_preferite, categorie_preferite) values (13, 'Lazar', 'McGriele', '1972-04-12', 'lmcgrielec@altervista.org', 'lmcgrielec', 'cXehTIqjy', 'Concerto', 'R&B');
insert into utenti (id_utente, nome, cognome, data_nascita, email, username, pass, eventi_preferite, categorie_preferite) values (14, 'Aurore', 'O''Ruane', '1980-07-18', 'aoruaned@cafepress.com', 'aoruaned', 'Z8Ks8LUX', 'Teatro', 'soul');
insert into utenti (id_utente, nome, cognome, data_nascita, email, username, pass, eventi_preferite, categorie_preferite) values (15, 'Kira', 'Hailston', '1985-06-27', 'khailstone@de.vu', 'khailstone', 'ItBHSOq', 'Cinema', 'punk');
insert into utenti (id_utente, nome, cognome, data_nascita, email, username, pass, eventi_preferite, categorie_preferite) values (16, 'Erinna', 'Hoopper', '1989-05-25', 'ehoopperf@amazon.co.uk', 'ehoopperf', 'Ap9m2Y', 'Concerto', 'pop');
insert into utenti (id_utente, nome, cognome, data_nascita, email, username, pass, eventi_preferite, categorie_preferite) values (17, 'Donavon', 'Idenden', '1975-02-23', 'didendeng@virginia.edu', 'didendeng', 'WrUKCenEk', 'Teatro', 'rock');
insert into utenti (id_utente, nome, cognome, data_nascita, email, username, pass, eventi_preferite, categorie_preferite) values (18, 'Verney', 'Butting', '1971-10-07', 'vbuttingh@prlog.org', 'vbuttingh', 'z5GbkgH', 'Cinema', 'hip hop');
insert into utenti (id_utente, nome, cognome, data_nascita, email, username, pass, eventi_preferite, categorie_preferite) values (19, 'Drucie', 'Bourrel', '2000-04-26', 'dbourreli@about.me', 'dbourreli', '3xgaEu', 'Concerto', 'jazz');
insert into utenti (id_utente, nome, cognome, data_nascita, email, username, pass, eventi_preferite, categorie_preferite) values (20, 'Brose', 'Helliwell', '1994-01-06', 'bhelliwellj@msu.edu', 'bhelliwellj', '9jWuZ5snKo', 'Teatro', 'classical');
-- Inserimento Artista
insert into artista (id_artista, nome_artista, inf_artista) values (2, 'Cristobal Hesbrook', 'Info');
insert into artista (id_artista, nome_artista, inf_artista) values (3, 'Daryle Shynn', 'Info');
insert into artista (id_artista, nome_artista, inf_artista) values (4, 'Briano Banton', 'Info');
insert into artista (id_artista, nome_artista, inf_artista) values (5, 'Blinni Donaldson', 'Info');
insert into artista (id_artista, nome_artista, inf_artista) values (6, 'Keven Silkston', 'Info');
insert into artista (id_artista, nome_artista, inf_artista) values (7, 'Clarey Harber', 'Info');
insert into artista (id_artista, nome_artista, inf_artista) values (8, 'Goddard Yter', 'Info');
insert into artista (id_artista, nome_artista, inf_artista) values (9, 'Wendi Parbrook', 'Info');
insert into artista (id_artista, nome_artista, inf_artista) values (10, 'Annnora Merrin', 'Info');
insert into artista (id_artista, nome_artista, inf_artista) values (11, 'Robinet Darnborough', 'Info');
insert into artista (id_artista, nome_artista, inf_artista) values (12, 'Ricky Corgenvin', 'Info');
insert into artista (id_artista, nome_artista, inf_artista) values (13, 'Flinn Tricker', 'Info');
insert into artista (id_artista, nome_artista, inf_artista) values (14, 'Brendan Perutto', 'Info');
insert into artista (id_artista, nome_artista, inf_artista) values (15, 'Martita Boughtwood', 'Info');
insert into artista (id_artista, nome_artista, inf_artista) values (16, 'Harvey Scoular', 'Info');
insert into artista (id_artista, nome_artista, inf_artista) values (17, 'Lanni Liveley', 'Info');
insert into artista (id_artista, nome_artista, inf_artista) values (18, 'Fred Sebborn', 'Info');
insert into artista (id_artista, nome_artista, inf_artista) values (19, 'Deedee Balbeck', 'Info');
insert into artista (id_artista, nome_artista, inf_artista) values (20, 'Tammie Lattin', 'Info');
--Inserimento città
insert into citta (id_citta, nome_citta, provincia) values (3, 'Napoli', 'Napoli');
insert into citta (id_citta, nome_citta, provincia) values (4, 'Firenze', 'Firenze');
insert into citta (id_citta, nome_citta, provincia) values (5, 'Torino', 'Torino');
insert into citta (id_citta, nome_citta, provincia) values (6, 'Bologna', 'Bologna');
insert into citta (id_citta, nome_citta, provincia) values (7, 'Palermo', 'Palermo');
insert into citta (id_citta, nome_citta, provincia) values (8, 'Genova', 'Genova');
insert into citta (id_citta, nome_citta, provincia) values (9, 'Venezia', 'Venezia');
insert into citta (id_citta, nome_citta, provincia) values (10, 'Verona', 'Verona');
insert into citta (id_citta, nome_citta, provincia) values (11, 'Bari', 'Bari');
insert into citta (id_citta, nome_citta, provincia) values (12, 'Catania', 'Catania');
insert into citta (id_citta, nome_citta, provincia) values (13, 'Trieste', 'Trieste');
insert into citta (id_citta, nome_citta, provincia) values (14, 'Cagliari', 'Cagliari');
insert into citta (id_citta, nome_citta, provincia) values (15, 'Padova', 'Padova');
insert into citta (id_citta, nome_citta, provincia) values (16, 'Brescia', 'Brescia');
insert into citta (id_citta, nome_citta, provincia) values (17, 'Taranto', 'Taranto');
insert into citta (id_citta, nome_citta, provincia) values (18, 'Reggio Calabria', 'Reggio Calabria');
insert into citta (id_citta, nome_citta, provincia) values (19, 'Modena', 'Modena');
insert into citta (id_citta, nome_citta, provincia) values (20, 'Livorno', 'Livorno');
--Inserimento Eventi Details 
insert into eventi_details (id_eventi_details, data_evento, id_location, id_evento, posti_liberi) values (3, '2026-01-19', 3, 2, 955);
insert into eventi_details (id_eventi_details, data_evento, id_location, id_evento, posti_liberi) values (4, '2024-07-31', 16, 15, 831);
insert into eventi_details (id_eventi_details, data_evento, id_location, id_evento, posti_liberi) values (5, '2023-09-01', 11, 11, 184);
insert into eventi_details (id_eventi_details, data_evento, id_location, id_evento, posti_liberi) values (6, '2026-01-29', 10, 17, 992);
insert into eventi_details (id_eventi_details, data_evento, id_location, id_evento, posti_liberi) values (7, '2027-05-12', 4, 8, 135);
insert into eventi_details (id_eventi_details, data_evento, id_location, id_evento, posti_liberi) values (8, '2026-11-05', 8, 14, 226);
insert into eventi_details (id_eventi_details, data_evento, id_location, id_evento, posti_liberi) values (9, '2024-03-22', 7, 8, 791);
insert into eventi_details (id_eventi_details, data_evento, id_location, id_evento, posti_liberi) values (10, '2027-04-20', 11, 7, 578);
insert into eventi_details (id_eventi_details, data_evento, id_location, id_evento, posti_liberi) values (11, '2025-08-25', 10, 14, 101);
insert into eventi_details (id_eventi_details, data_evento, id_location, id_evento, posti_liberi) values (12, '2027-02-04', 13, 7, 307);
insert into eventi_details (id_eventi_details, data_evento, id_location, id_evento, posti_liberi) values (14, '2026-06-15', 19, 2, 746);
insert into eventi_details (id_eventi_details, data_evento, id_location, id_evento, posti_liberi) values (15, '2027-04-16', 16, 17, 925);
insert into eventi_details (id_eventi_details, data_evento, id_location, id_evento, posti_liberi) values (16, '2027-03-23', 14, 19, 8);
insert into eventi_details (id_eventi_details, data_evento, id_location, id_evento, posti_liberi) values (17, '2023-12-20', 14, 2, 867);
insert into eventi_details (id_eventi_details, data_evento, id_location, id_evento, posti_liberi) values (18, '2026-10-22', 11, 6, 576);
insert into eventi_details (id_eventi_details, data_evento, id_location, id_evento, posti_liberi) values (19, '2024-11-16', 3, 10, 109);
insert into eventi_details (id_eventi_details, data_evento, id_location, id_evento, posti_liberi) values (20, '2025-07-05', 11, 13, 641);
--Inserimento Locations
insert into locations (id_location, nome_location, tipologia_location, id_citta, indirizzo, capienza, indicazioni_stradali) values (2, 'Arena di Verona', 'stadio', 5, '3507 Westerfield Parkway', 392404, 'Networked');
insert into locations (id_location, nome_location, tipologia_location, id_citta, indirizzo, capienza, indicazioni_stradali) values (3, 'Mediolanum Forum', 'palazzetto', 1, '0 Roxbury Crossing', 524481536, 'Fully-configurable');
insert into locations (id_location, nome_location, tipologia_location, id_citta, indirizzo, capienza, indicazioni_stradali) values (4, 'Pala Alpitour', 'teatro', 11, '32520 Briar Crest Circle', 426087831, 'Adaptive');
insert into locations (id_location, nome_location, tipologia_location, id_citta, indirizzo, capienza, indicazioni_stradali) values (5, 'Stadio San Siro', 'auditorium', 14, '33994 Mockingbird Junction', 968095613, 'policy');
insert into locations (id_location, nome_location, tipologia_location, id_citta, indirizzo, capienza, indicazioni_stradali) values (6, 'Palazzo dello Sport', 'piazza', 19, '76 Grover Way', 708189656, 'Universal');
insert into locations (id_location, nome_location, tipologia_location, id_citta, indirizzo, capienza, indicazioni_stradali) values (7, 'Unipol Arena', 'anfiteatro', 4, '6195 Michigan Alley', 375726449, 'full-range');
insert into locations (id_location, nome_location, tipologia_location, id_citta, indirizzo, capienza, indicazioni_stradali) values (8, 'PalaLottomatica', 'club', 14, '1 Brown Terrace', 966474569, 'national');
insert into locations (id_location, nome_location, tipologia_location, id_citta, indirizzo, capienza, indicazioni_stradali) values (9, 'Palasport Olimpico', 'sala prove', 8, '3 Delladonna Lane', 723476808, 'Function-based');
insert into locations (id_location, nome_location, tipologia_location, id_citta, indirizzo, capienza, indicazioni_stradali) values (10, 'PalaBancoDesio', 'arena', 17, '99091 Russell Hill', 107184709, 'Synergized');
insert into locations (id_location, nome_location, tipologia_location, id_citta, indirizzo, capienza, indicazioni_stradali) values (11, 'Teatro alla Scala', 'stadio', 19, '94486 Del Sol Point', 967675587, 'fault-tolerant');
insert into locations (id_location, nome_location, tipologia_location, id_citta, indirizzo, capienza, indicazioni_stradali) values (12, 'Arena di Verona', 'palazzetto', 3, '84476 Sloan Center', 890196788, 'fault-tolerant');
insert into locations (id_location, nome_location, tipologia_location, id_citta, indirizzo, capienza, indicazioni_stradali) values (13, 'Mediolanum Forum', 'teatro', 1, '91 Ridgeview Trail', 498555339, 'help-desk');
insert into locations (id_location, nome_location, tipologia_location, id_citta, indirizzo, capienza, indicazioni_stradali) values (14, 'Pala Alpitour', 'auditorium', 11, '4670 Surrey Parkway', 844761801, 'Networked');
insert into locations (id_location, nome_location, tipologia_location, id_citta, indirizzo, capienza, indicazioni_stradali) values (15, 'Stadio San Siro', 'piazza', 15, '90 Dwight Point', 588622074, 'Virtual');
insert into locations (id_location, nome_location, tipologia_location, id_citta, indirizzo, capienza, indicazioni_stradali) values (16, 'Palazzo dello Sport', 'anfiteatro', 17, '76 Eliot Avenue', 934083222, 'bifurcated');
insert into locations (id_location, nome_location, tipologia_location, id_citta, indirizzo, capienza, indicazioni_stradali) values (17, 'Unipol Arena', 'club', 3, '3469 Knutson Way', 417803693, 'methodical');
insert into locations (id_location, nome_location, tipologia_location, id_citta, indirizzo, capienza, indicazioni_stradali) values (18, 'PalaLottomatica', 'sala prove', 20, '38849 Havey Lane', 303109716, 'Object-based');
insert into locations (id_location, nome_location, tipologia_location, id_citta, indirizzo, capienza, indicazioni_stradali) values (19, 'Palasport Olimpico', 'arena', 6, '5 Emmet Plaza', 813535090, 'Virtual');
insert into locations (id_location, nome_location, tipologia_location, id_citta, indirizzo, capienza, indicazioni_stradali) values (20, 'PalaBancoDesio', 'stadio', 18, '539 Stang Circle', 278995329, 'core');
--Prenotazione
insert into prenotazione (id_prenotazione, id_utente, id_eventi_details) values (1, 3, 9);
insert into prenotazione (id_prenotazione, id_utente, id_eventi_details) values (2, 15, 14);
insert into prenotazione (id_prenotazione, id_utente, id_eventi_details) values (3, 18, 16);
insert into prenotazione (id_prenotazione, id_utente, id_eventi_details) values (4, 9, 6);
insert into prenotazione (id_prenotazione, id_utente, id_eventi_details) values (5, 8, 4);
insert into prenotazione (id_prenotazione, id_utente, id_eventi_details) values (6, 19, 18);
insert into prenotazione (id_prenotazione, id_utente, id_eventi_details) values (7, 12, 18);
insert into prenotazione (id_prenotazione, id_utente, id_eventi_details) values (8, 10, 4);
insert into prenotazione (id_prenotazione, id_utente, id_eventi_details) values (9, 15, 15);
insert into prenotazione (id_prenotazione, id_utente, id_eventi_details) values (10, 7, 5);
insert into prenotazione (id_prenotazione, id_utente, id_eventi_details) values (11, 3, 4);
insert into prenotazione (id_prenotazione, id_utente, id_eventi_details) values (12, 19, 5);
insert into prenotazione (id_prenotazione, id_utente, id_eventi_details) values (13, 4, 17);
insert into prenotazione (id_prenotazione, id_utente, id_eventi_details) values (14, 10, 20);
insert into prenotazione (id_prenotazione, id_utente, id_eventi_details) values (15, 17, 18);
insert into prenotazione (id_prenotazione, id_utente, id_eventi_details) values (16, 7, 14);
insert into prenotazione (id_prenotazione, id_utente, id_eventi_details) values (17, 9, 14);
insert into prenotazione (id_prenotazione, id_utente, id_eventi_details) values (18, 9, 12);
insert into prenotazione (id_prenotazione, id_utente, id_eventi_details) values (19, 18, 11);
insert into prenotazione (id_prenotazione, id_utente, id_eventi_details) values (20, 12, 4);
--prezzi
insert into prezzi (id_prezzi, id_eventi_details, prezzo) values (1, 2, 68.86);
insert into prezzi (id_prezzi, id_eventi_details, prezzo) values (2, 19, 88.87);
insert into prezzi (id_prezzi, id_eventi_details, prezzo) values (3, 19, 102.41);
insert into prezzi (id_prezzi, id_eventi_details, prezzo) values (4, 5, 114.89);
insert into prezzi (id_prezzi, id_eventi_details, prezzo) values (5, 1, 64.64);
insert into prezzi (id_prezzi, id_eventi_details, prezzo) values (6, 2, 37.2);
insert into prezzi (id_prezzi, id_eventi_details, prezzo) values (7, 10, 61.03);
insert into prezzi (id_prezzi, id_eventi_details, prezzo) values (8, 20, 118.92);
insert into prezzi (id_prezzi, id_eventi_details, prezzo) values (9, 6, 69.2);
insert into prezzi (id_prezzi, id_eventi_details, prezzo) values (10, 1, 41.88);
insert into prezzi (id_prezzi, id_eventi_details, prezzo) values (11, 10, 85.33);
insert into prezzi (id_prezzi, id_eventi_details, prezzo) values (12, 14, 100.69);
insert into prezzi (id_prezzi, id_eventi_details, prezzo) values (13, 17, 95.55);
insert into prezzi (id_prezzi, id_eventi_details, prezzo) values (14, 10, 77.21);
insert into prezzi (id_prezzi, id_eventi_details, prezzo) values (15, 3, 75.12);
insert into prezzi (id_prezzi, id_eventi_details, prezzo) values (16, 11, 50.74);
insert into prezzi (id_prezzi, id_eventi_details, prezzo) values (17, 11, 69.44);
insert into prezzi (id_prezzi, id_eventi_details, prezzo) values (18, 6, 70.85);
insert into prezzi (id_prezzi, id_eventi_details, prezzo) values (19, 16, 106.07);
insert into prezzi (id_prezzi, id_eventi_details, prezzo) values (20, 15, 62.89);
--Eventi 
insert into eventi (id_eventi, id_eventi_details, categoria, titolo, prima_data, ultima_data, id_artista, info_evento) values (2, 18, 'Baby & Kids', 'Ferrara Sotto le Stelle', '2023-03-16', '2022-09-05', 12, 14);
insert into eventi (id_eventi, id_eventi_details, categoria, titolo, prima_data, ultima_data, id_artista, info_evento) values (3, 2, 'Beauty & Personal Care', 'Festa della Birra e della Musica', '2023-03-24', '2023-01-29', 3, 2);
insert into eventi (id_eventi, id_eventi_details, categoria, titolo, prima_data, ultima_data, id_artista, info_evento) values (4, 14, 'Clothing', 'Festa della Musica', '2023-04-18', '2023-03-30', 6, 16);
insert into eventi (id_eventi, id_eventi_details, categoria, titolo, prima_data, ultima_data, id_artista, info_evento) values (5, 5, 'Clothing', 'Rock in Roma', '2022-12-24', '2022-12-15', 16, 13);
insert into eventi (id_eventi, id_eventi_details, categoria, titolo, prima_data, ultima_data, id_artista, info_evento) values (6, 16, 'Automotive', 'Sanremo', '2022-11-07', '2022-09-08', 5, 13);
insert into eventi (id_eventi, id_eventi_details, categoria, titolo, prima_data, ultima_data, id_artista, info_evento) values (7, 5, 'Books', 'Rock in Roma', '2023-01-16', '2023-04-05', 16, 17);
insert into eventi (id_eventi, id_eventi_details, categoria, titolo, prima_data, ultima_data, id_artista, info_evento) values (8, 20, 'Music', 'Milano Music Week', '2022-12-10', '2023-03-05', 15, 13);
insert into eventi (id_eventi, id_eventi_details, categoria, titolo, prima_data, ultima_data, id_artista, info_evento) values (9, 3, 'Movies & TV Shows', 'Summer Festival', '2022-10-18', '2023-04-24', 4, 7);
insert into eventi (id_eventi, id_eventi_details, categoria, titolo, prima_data, ultima_data, id_artista, info_evento) values (10, 17, 'Automotive', 'Festival di Musica e Arte Contemporanea', '2022-08-17', '2023-02-07', 15, 12);
insert into eventi (id_eventi, id_eventi_details, categoria, titolo, prima_data, ultima_data, id_artista, info_evento) values (11, 4, 'Home & Garden', 'Firenze Rocks', '2022-09-07', '2022-06-27', 19, 6);
insert into eventi (id_eventi, id_eventi_details, categoria, titolo, prima_data, ultima_data, id_artista, info_evento) values (12, 2, 'Office Supplies', 'Milano Music Week', '2023-03-09', '2023-02-15', 9, 6);
insert into eventi (id_eventi, id_eventi_details, categoria, titolo, prima_data, ultima_data, id_artista, info_evento) values (13, 15, 'Music', 'Sanremo', '2022-08-29', '2022-08-27', 3, 14);
insert into eventi (id_eventi, id_eventi_details, categoria, titolo, prima_data, ultima_data, id_artista, info_evento) values (14, 4, 'Office Supplies', 'Lucca Summer Festival', '2023-05-14', '2022-06-06', 5, 8);
insert into eventi (id_eventi, id_eventi_details, categoria, titolo, prima_data, ultima_data, id_artista, info_evento) values (15, 17, 'Electronics', 'Ferrara Sotto le Stelle', '2023-02-22', '2022-06-29', 8, 1);
insert into eventi (id_eventi, id_eventi_details, categoria, titolo, prima_data, ultima_data, id_artista, info_evento) values (16, 18, 'Electronics', 'Rock in Roma', '2023-05-02', '2022-10-09', 19, 13);
insert into eventi (id_eventi, id_eventi_details, categoria, titolo, prima_data, ultima_data, id_artista, info_evento) values (17, 19, 'Health & Wellness', 'Firenze Rocks', '2022-07-12', '2022-10-02', 14, 20);
insert into eventi (id_eventi, id_eventi_details, categoria, titolo, prima_data, ultima_data, id_artista, info_evento) values (18, 17, 'Toys & Games', 'Summer Festival', '2022-09-03', '2022-11-07', 7, 18);
insert into eventi (id_eventi, id_eventi_details, categoria, titolo, prima_data, ultima_data, id_artista, info_evento) values (19, 20, 'Books', 'Ferrara Sotto le Stelle', '2023-05-04', '2023-05-04', 1, 15);
insert into eventi (id_eventi, id_eventi_details, categoria, titolo, prima_data, ultima_data, id_artista, info_evento) values (20, 8, 'Movies & TV Shows', 'Rock in Roma', '2023-01-30', '2022-07-23', 9, 13);
